test_subject,test_type,test_queue,gold_answer,pretrained_subject,pretrained_answer,pretrained_retrieval_score,pretrained_answer_similarity_top1,pretrained_answer_similarity_best3,v2_subject,v2_answer,v2_retrieval_score,v2_answer_similarity_top1,v2_answer_similarity_best3,best3_delta,delta
,Incident,Product Support,Please reach out to <tel_num> to discuss the security incident and determine the next steps.,Incident of Hospital Data Breach,Please contact <tel_num> to discuss the hospital data breach incident immediately.,0.8576173186302185,0.6406511664390564,0.6406511664390564,,Please reach out to <tel_num> to discuss the next steps concerning the security incident.,0.706981897354126,0.9829901456832886,0.9829901456832886,0.3423389792442322,0.3423389792442322
Digital Marketing Problem,Problem,Technical Support,Get in touch to discuss the digital marketing challenges and receive support for successful brand development.,Concern Regarding Digital Marketing,"<name> is writing to acknowledge the issue with the digital marketing efforts of the agency. We are sorry to hear about the problems you are experiencing. In order to better understand the issue and provide a suitable solution, could you please provide details about the nature of the problem and any specific error messages or symptoms? This will enable us to investigate the matter and provide an effective solution. If necessary, we would like to schedule a call at a convenient time to discuss the issue in more detail. Please let us know when you are available.",0.902125597000122,0.5934462547302246,0.6742793321609497,Concern Regarding Digital Marketing,"<name> is writing to acknowledge the issue with the digital marketing efforts of the agency. We are sorry to hear about the problems you are experiencing. In order to better understand the issue and provide a suitable solution, could you please provide details about the nature of the problem and any specific error messages or symptoms? This will enable us to investigate the matter and provide an effective solution. If necessary, we would like to schedule a call at a convenient time to discuss the issue in more detail. Please let us know when you are available.",0.8049304485321045,0.5934462547302246,0.996751070022583,0.3224717378616333,0.3224717378616333
Nötige Sicherheitsunterstützung,Problem,IT Support,"<name> Service Desk nimmt Sicherheitsverstöße ernst und benötigt zusätzliche Informationen zur aktuellen Konfiguration. Bitte bereitstellen Sie mehr Details zur vermuteten Schwachstelle und den Fehlern, die Sie begegnet sind, damit unser Sicherheitsteam die Angelegenheit weitreiben kann.",Technische Sorgemeldung,"Sehr geehrte/r [Name],\n\nich bestätige, dass Sie ein technisches Problem gemeldet haben, nämlich eine Verletzung des medizinischen Datensystems aufgrund veralteter Sicherheitsprotokolle. Ich verstehe die Notwendigkeit, die Patientendaten der Krankenhauses IT-Infrastruktur zu schützen. Um Ihnen besser zu helfen, bitte ich Sie, zusätzliche Informationen zu Ihrem aktuellen Systemstatus, den durchgeführten Software-Updates und der Firewalls-Konfiguration zu geben. Darüber hinaus wäre es hilfreich, wenn Sie spezifische Schwachstellen berichten könnten. Ich würde gerne ein Telefonat vereinbaren, um dies zu klären.",0.9137156009674072,0.6407764554023743,0.645122766494751,Nötige Unterstützung für Sicherheitsmaßnahmen,"<name> Service Desk nimmt Sicherheitsverstöße ernst. Um Ihnen besser zu helfen, benötigen wir zusätzliche Informationen zur aktuellen Konfiguration. Bitte melden Sie alle vermuteten Mängel und Git-Ansible-Fehlermeldungen, die an die Sicherheitsabteilung weitergeleitet werden können, um eine genaue Analyse durchzuführen.",0.7989820837974548,0.9654275178909302,0.9654275178909302,0.3203047513961792,0.3203047513961792
Security Concern at Hospital,Problem,Technical Support,Please investigate by contacting <tel_num> for immediate assistance.,Detected Unauthorized Access on Hospital Network,"Dear [Name], thank you for reporting the unauthorized access attempt on the hospital's network. We appreciate the measures taken to strengthen firewall settings and conduct staff training. Could you please provide details on the incident, including the date and time it occurred? I would like to schedule a call at [Tel_num] to discuss the matter further and will be available at your earliest convenience.",0.8474081158638,0.5463042855262756,0.5684353113174438,Concern About Network Security,We appreciate the update and review to prevent future occurrences. Please let us know if you need further assistance with the systems security issue.,0.6952959895133972,0.4886614680290222,0.8863083124160767,0.3178730010986328,0.3178730010986328
Report on Unplanned System Downtime,Incident,IT Support,We have received your report on the system outage and are ready to assist you. Could you please provide the exact error message you are seeing and the version of the software that was recently installed? This information will help us better assist with troubleshooting the issue.,,"Dear [Name], we have received your email regarding the system downtime during data analytics processing. We will investigate this matter urgently. Please allow us to review the details and provide a prompt response with a plan of action to rectify the situation as soon as possible.",0.8082013130187988,0.636446475982666,0.636446475982666,Report on System Outages,"Thank you for your system outage report. Could you please provide the exact error message and the version of the software, especially the recent updates installed, to better assist with the troubleshooting process?",0.6757073402404785,0.9467458724975586,0.9467458724975586,0.3102993965148926,0.3102993965148926
Data Issue,Problem,Technical Support,I am investigating the data issue with the investment models. Could you please provide additional details regarding the imprecise analysis results? Would it be convenient to discuss this over a call? Is today at <tel_num> a suitable time for a call?,Finance Support Team,We apologize for the issue. Please provide additional details regarding the faulty data models so we can offer further assistance in resolving the investment forecast problems.,0.7982404232025146,0.5143166184425354,0.6002804040908813,Error in Investment Insights,We apologize for the mistake. Kindly share additional details so we can investigate and resolve the issue.,0.7135046720504761,0.192882090806961,0.898992121219635,0.2987117171287536,0.29871171712875366
Challenge with Delayed Data Processing,Problem,Product Support,"I would be happy to help resolve the slow data processing issue. To better understand the problem, could you please provide details on the current system configuration and the troubleshooting steps you have already taken? We can schedule a call at your convenience to discuss and identify the root cause and potential solutions.",Issue with Data Processing System,"We received your email regarding the issues with the data processing system and are here to assist. To better understand the problem, please provide more details about any error messages encountered, along with specifications of the software and hardware systems in use. We are happy to schedule a call at a convenient time to discuss further troubleshooting steps and potential solutions. Would <tel_num> be available at your preferred time? Please let us know a suitable time to contact you so we can help resolve the issue associated with account <acc_num>.",0.918654441833496,0.6985801458358765,0.6985801458358765,Problem with Sluggish Data Processing,"I would be happy to help resolve the issue with sluggish data processing. To better understand the problem, could you please provide details about your current system configuration and the troubleshooting steps you have already taken? Additionally, it would be convenient to schedule a call to discuss and identify the root cause and potential solutions.",0.7877054214477539,0.9134100675582886,0.9957481622695924,0.2971680164337158,0.29716801643371593
Facing Lag and Crashes in Project Management Software,Incident,Product Support,"Hello, we are pleased to assist you with the issues you are experiencing with your project management platform. To better understand the problem, could you please provide details on your current server infrastructure and user load? We would like to schedule a call at your convenience at <tel_num> to discuss potential solutions, including upgrading server infrastructure and implementing load management strategies. If you are available, we can discuss this further. We will also review your account <acc_num> to identify factors contributing to the lag and crashes and provide recommendations for the next steps.",Performance Challenge in SaaS Project Management System Today,"We are reviewing the performance issue with the SaaS platform. To assist, please provide details of any error messages and server logs. We will schedule a call at <tel_num> to discuss the next steps for resolution.",0.8846980333328247,0.6209231615066528,0.6832326650619507,Encountering Delays and Crashes in Project Management Software,"{name}, we are glad to assist you with the issues you are experiencing with the project management platform. To better understand the problem, could you please provide details on the current server infrastructure and the user load? We would like to schedule a call at {tel_num} to discuss potential solutions, such as upgrading the server or implementing load management strategies. Would this be convenient for you? We will also review your account {acc_num} to identify the factors contributing to the delays and crashes and provide recommendations for the next steps.",0.8099350333213806,0.9556353092193604,0.9556353092193604,0.2724026441574096,0.27240264415740967
Auffällige Probleme bei vorübergehendem Zugriffsschaden auf die Plattform gemeldet,Incident,Technical Support,"Vielen Dank für Ihre Geduld und Ihre Unterstützung bei der Behebung des Problems. Falls die Probleme weiterhin auftreten, bitten wir Sie um weitere Informationen, wie beispielsweise die Fehlermeldung und den genauen Zeitpunkt des Auftretens. Das technische Team wird diese Informationen weiterverfolgen, um zusätzliche Unterstützung anzubieten. Wir vereinbaren einen Termin für eine weitere Diskussion zum Thema.",Probleme mit Serverausfällen,"Sehr geehrte/r [Name],\n\nvielen Dank für Ihre Kontaktaufnahme bezüglich der Serverausfälle. Ich verstehe, dass Benutzer in Spitzenzeiten vorübergehende Störungen erleben. Sie haben bereits erste Maßnahmen unternommen, um das Problem zu beheben, insbesondere durch Neustart der betroffenen Dienste und der Datenbankinstanz mit erhöhtem Serververbrauch, jedoch bestehen die Probleme weiterhin.\n\nUm die Ursachen des Problems besser zu identifizieren und die Lösung umzusetzen, um zukünftige Ausfälle zu vermeiden, würde ich Ihnen gerne zusätzliche Informationen zur aktuellen Serverkonfiguration und den genauen Fehlermeldungen anbieten. Bitte geben Sie mir die notwendigen Details, damit wir das Problem systematisch lösen können.",0.8522799611091614,0.6345196962356567,0.6942170858383179,Periodische Anmeldeprobleme bei der Projektmanagement-Plattform,"Wir möchten Ihre Unterstützung anerkennen. Falls die Probleme weiterhin bestehen, bitten wir Sie, weitere Details zur Fehlernachricht und zum Zeitpunkt ihres Auftretens bereitzustellen. Das technische Team wird Ihre Anfrage weiter bearbeiten und Ihnen zusätzliche Unterstützung anbieten. Wenn Sie möchten, können wir einen Termin vereinbaren, um das Problem zu besprechen.",0.6891660690307617,0.9509406089782716,0.9509406089782716,0.2567235231399536,0.2567235231399537
Problems with Digital Marketing,Incident,Technical Support,Please investigate the performance issues in digital marketing and provide detailed information for a thorough review.,Issues with Digital Marketing Strategy Disruptions,We apologize for the disruptions in your digital marketing strategies. Please provide more details about the issues you are experiencing so we can assist you further.,0.8627724647521973,0.6215741634368896,0.657099723815918,Issues Affecting Digital Marketing Strategies,We apologize for the disruptions to your digital marketing strategies. Please provide more details about the issues you are experiencing so we can assist you further.,0.7173144221305847,0.6093927025794983,0.8818475008010864,0.2247477769851684,0.22474777698516846
Server Timing,Problem,Product Support,Currently examining the server overload problem and will provide an update on the SaaS platform's status shortly.,Unexpected Downtime on SaaS Platform,"Received your email regarding the unexpected downtime on the SaaS platform. We need more details and will look into the recent deployment and server logs. To discuss potential solutions, please let us know a convenient time for a call.",0.8879459500312805,0.6700022220611572,0.7374516725540161,Unexpected Downtime on SaaS Platform,"Received your email regarding the unexpected downtime on the SaaS platform. We need more details and will look into the recent deployment and server logs. To discuss potential solutions, please let us know a convenient time for a call.",0.7893702983856201,0.6700022220611572,0.955588698387146,0.2181370258331298,0.21813702583312988
Concern Regarding Investment Data Analytics Issues,Incident,Technical Support,"We apologize for the issues with investment data analytics. Our support team will investigate the problem as soon as possible to provide assistance. Please provide more details about the errors and symptoms observed. By working together, we can resolve the issue and ensure that timely analytical insights are provided. Thank you for your patience and we will contact you soon.",Concern Regarding Recent Delays in Data Processing for Investment Analytics,"Acknowledging the issue of recent delays in data processing for investment analytics. We understand the urgency to resolve this as soon as possible to minimize disruptions. To better assist you, we need more details on the recent system updates and any specific error messages received. Could you please provide us with the details of the updates and any errors? Additionally, we propose scheduling a call to discuss the issue and work together to find a solution.",0.9223822951316832,0.7390720844268799,0.767330527305603,Concerns Regarding Investment Data Analytics,We apologize for the issue with investment data analytics. Our support team will investigate the problem and provide assistance as soon as possible. Please provide any details on error messages or symptoms you are experiencing. This information will help us work towards resolving the issue and getting your analytics running smoothly to ensure timely investment insights. We appreciate your patience and will be in touch soon.,0.790797233581543,0.974971890449524,0.974971890449524,0.2076413631439209,0.207641363143921
Unautorisiertes Zugriffsanliegen erkannt,Incident,Technical Support,"Wir behandeln diesen Fall mit der größten Dringlichkeit. Vielen Dank für Ihre Meldung. Wir werden das unerlaubte Zugriffsanliegen eingehend untersuchen und die Sicherheitsprüfung durchgehen. Bitte geben Sie uns mehr Details zu den veralteten Software-Lücken, damit wir identifizieren können, welche spezifischen Lücken es gibt. Sie können uns unter dem angegebenen Telefonnummer anrufen, um weitere Diskussionen zu führen.",Unbefugter Zugriffsversuch identifiziert,"Sehr geehrte <name>, wir nehmen das Sicherheitsproblem am Krankenhaus ernst und danken Ihnen für Ihre Mitteilung. Um den Vorfall zu untersuchen, benötigen wir mehr Informationen, einschließlich des Tages und der Uhrzeit, zu der sich der Vorfall ereignet hat, sowie eventuell empfangener Fehlermeldungen. Bitte geben Sie uns auch die Ergebnisse der durchgeführten Sicherheitsprüfungen an. Wir möchten gerne telefonisch mit Ihnen sprechen, sobald es Ihnen bequem ist, um die nächsten Schritte zu besprechen und das Problem zu lösen. Sie sind jederzeit willkommen, uns unter dem Telefonnummer <tel_num> zu erreichen.",0.9233559370040894,0.6199584007263184,0.6220022439956665,Beachtung notwendiger Sicherheitsmaßnahmen infolge unbefugten Zugriffsversuchs,"Wir werden die Angelegenheit mit der gleichen Dringlichkeit behandeln und den Vorfall gründlich untersuchen. Sicherheitsprüfung und Aktualisierungen werden wir auf die veralteten Softwareversionen zurückführen. Bitte geben Sie uns mehr Details zu den identifizierten Mängeln. Sie können sich mit dem Telefonnummer <tel_num> in Verbindung setzen, um weitere Diskussionen zu führen.",0.7793458104133606,0.8243646621704102,0.8243646621704102,0.2023624181747436,0.20236241817474365
Query About Service Downtime Maintenance Progress,Request,Service Outages and Maintenance,"Thank you for reaching out about the service disruption. We are aware of the issue, and our technical team is actively working to resolve it. At present, services may experience occasional interruptions. We anticipate a resolution within the next few hours and will provide an update once full service is restored. While official workarounds are not yet available, we appreciate your patience.",Query About Future Service Disruptions and Maintenance Timelines,"Thank you for reaching out about the upcoming service disruptions and maintenance schedules. The scheduled outages and maintenance windows in the near future are expected to impact big data lakes, analytical models, and automated investment platforms. Maintenance plans will include advance notifications with detailed information about the timing, affected components, expected downtime, and recommended preparations. For urgent issues during maintenance periods, you may contact our support hotline at <tel_num> to reach the designated support team.",0.8812547922134399,0.6786180138587952,0.6786180138587952,Query About Future Service Disruptions and Maintenance Timelines,"Thank you for reaching out about the upcoming service disruptions and maintenance schedules. The scheduled outages and maintenance windows in the near future are expected to impact big data lakes, analytical models, and automated investment platforms. Maintenance plans will include advance notifications with detailed information about the timing, affected components, expected downtime, and recommended preparations. For urgent issues during maintenance periods, you may contact our support hotline at <tel_num> to reach the designated support team.",0.8040908575057983,0.6786180138587952,0.875597357749939,0.1969793438911438,0.1969793438911438
Privacy of Medical Information,Problem,Billing and Payments,We recognize your concern regarding the vulnerabilities in medical information privacy despite the basic firewalls in place. Please escalate this issue to our security team by contacting <tel_num>. We will discuss and work towards finding a solution to enhance the security measures.,Sicherheitsrisiko: Medizinische Daten potenziell bedroht,"Prüfe das gemeldete Sicherheitsrisiko auf medizinische Daten. Möchte mich mit dir über diese Angelegenheit in Kontakt setzen. Könntest du bitte ein geeignetes Zeitfenster angeben, wann ich anrufen kann? Um die Angelegenheit fortzusetzen, benötige ich die nächsten Schritte bezüglich <acc_num>. <tel_num>",0.810073733329773,0.61451256275177,0.61451256275177,Sicherheitsrisiko: Medizinische Daten potenziell bedroht,"Prüfe das gemeldete Sicherheitsrisiko auf medizinische Daten. Möchte mich mit dir über diese Angelegenheit in Kontakt setzen. Könntest du bitte ein geeignetes Zeitfenster angeben, wann ich anrufen kann? Um die Angelegenheit fortzusetzen, benötige ich die nächsten Schritte bezüglich <acc_num>. <tel_num>",0.6822184324264526,0.61451256275177,0.8106940984725952,0.1961815357208252,0.1961815357208252
Ausfall bei Datenanalyse,Problem,Technical Support,"Sehr geehrte/r <name>, vielen Dank für die Meldung des Ausfalls im Datenanalysesystem und die Beschreibung der durchgeführten Maßnahmen. Ich schätze Ihre Empfehlung, die Softwarekompatibilität regelmäßig zu prüfen und zu aktualisieren sowie ein Backup-System einzurichten, um ähnliche Probleme künftig zu verhindern. Der Vorfall wird dokumentiert, und die Vorschläge werden an das Technikteam zur Überprüfung und Umsetzung weitergeleitet. Bei weiteren Problemen zögern Sie bitte nicht, <tel_num> zu kontaktieren oder per E-Mail zu antworten. Wir freuen uns über Ihr Feedback und darauf, weiterhin einen zuverlässigen Service für <acc_num> zu gewährleisten.","Datenanalyse-System funktionierte korrekt, Optimierung von Investitionen durch Hürde gestiegen. Mögliche Ursachen für Probleme, wie Softwarefehler oder Schäden in der Datenintegration, wurden erfasst. Maßnahmen umgesetzt, wie Serverneustart, Überprüfung der Datenquellen und Softwareupdate, um das Problem zu beheben. System leistete nach der Intervention korrekt, Optimierung von Investitionen wurde fortgesetzt. System weiterhin beobachtet, um zukünftige Fehlfunktionen zu vermeiden.","Problem im Datenanalyse-System behebt, Optimierung von Investitionen geht fort. System weiterhin beobachtet, um zukünftige Fehlfunktionen zu vermeiden.",0.934027910232544,0.5093140602111816,0.6457505226135254,"Datenanalyse-System funktionierte korrekt, Optimierung von Investitionen durch Hürde gestiegen. Mögliche Ursachen für Probleme, wie Softwarefehler oder Schäden in der Datenintegration, wurden erfasst. Maßnahmen umgesetzt, wie Serverneustart, Überprüfung der Datenquellen und Softwareupdate, um das Problem zu beheben. System leistete nach der Intervention korrekt, Optimierung von Investitionen wurde fortgesetzt. System weiterhin beobachtet, um zukünftige Fehlfunktionen zu vermeiden.","Problem im Datenanalyse-System behebt, Optimierung von Investitionen geht fort. System weiterhin beobachtet, um zukünftige Fehlfunktionen zu vermeiden.",0.8105305433273315,0.5093140602111816,0.8410526514053345,0.195302128791809,0.19530212879180908
Verstoß gegen Datenschutz in der Krankenhaus-IT-Systeme,Problem,Technical Support,"Sehr geehrte/r [Name], vielen Dank für Ihre Meldung zum Verstoß gegen Datenschutz im Krankenhaus-IT-System. Schätze die Schritte, die Sie eingeschlagen haben, um die Software zu aktualisieren und die Passwörter zu verstärken. Möchte besprechen, wie wir sicherstellen können, dass notwendige Maßnahmen getroffen werden, um zukünftige Verstöße zu verhindern. Wie wäre es mit [Tag] um [Uhrzeit], um die aktuellen Sicherheitsprotokolle zu überprüfen?",Mögliche Verletzung der Datensperreregelung bei den Krankenhausauftritten des IT-Systems,"Wir haben Ihre E-Mail über die potenziellen Datensperrerverletzungen bei den IT-Systemen des Krankenhauses erhalten. Bitte überprüfen Sie die Angelegenheit und geben Sie weitere Details der durchgeführten internen Audits an. Falls nötig, können Sie sich am Telefon an Nummer <tel_num> wenden, um eine Diskussion über die möglichen Maßnahmen zur Datensicherheit der Patienten zu führen.",0.9246742129325868,0.7413562536239624,0.7487983107566833,Datensperre in der Krankenhaus-IT-Systeme,"Sehr geehrte/r [Name], vielen Dank, dass Sie die Datensperre im Krankenhaus-IT-System gemeldet haben. Ich schätze, dass Sie Schritte unternommen haben, um die Software zu aktualisieren und die Passwörter zu verstärken. Es wäre gut, wenn wir uns in der Zukunft darüber unterhalten könnten, welche weiteren Maßnahmen getroffen werden müssen, um zukünftige Datensperren zu verhindern. Darf ich einen Anruf vereinbaren, um die aktuellen Sicherheitsprotokolle gemeinsam zu überprüfen? Bitte geben Sie mir einen Moment, an dem es Ihnen recht ist.",0.7692677974700928,0.9416652321815492,0.9416652321815492,0.1928669214248657,0.19286692142486583
Fehlschlag der Marketingstrategie,Problem,Returns and Exchanges,"Untersuchung der Auswirkungen der Marketingstrategien auf die Marke. Bitte erlauben Sie mir, <tel_num> zu kontaktieren, um weitere Details zu besprechen und mögliche Lösungen zur Verbesserung des Wachstums zu identifizieren.",,"Sehr geehrter <name>,\n\nich verstehe Ihre Bedenken bezüglich der enttäuschenden Ergebnisse im digitalen Marketing. Um das Problem besser zu erfassen, würde ich gern mehr Details zu Ihren aktuellen Kampagnen und der Zielgruppe erhalten. Gerne kann ich Empfehlungen sowie Informationen zu Tools und Techniken bereitstellen, um Ihre Zielgruppe besser zu verstehen und Ihre Social-Media- sowie Werbekampagnen zu optimieren. Wäre es möglich, einen passenden Zeitpunkt für ein Telefonat zu vereinbaren, um die Details zu besprechen?",0.9422724843025208,0.680174708366394,0.7683074474334717,Erfolg der Marketingkampagne,"Sehr geehrter <Name>, vielen Dank, dass Sie uns bezüglich Ihrer Bedenken hinsichtlich der aktuellen digitalen Marketingkampagne kontaktiert haben. Ich verstehe, dass trotz der Bemühungen der Marketingagentur nur ein begrenztes Wachstum Ihrer Marke erzielt wurde. Gerne unterstütze ich Sie dabei, mögliche Anpassungen bei Zielgruppenansprache und Werbekanälen zu erkunden. Um die Situation besser zu verstehen, könnten Sie uns bitte detaillierte Informationen zu Ihrer aktuellen Marketingstrategie zukommen lassen, einschließlich der genutzten Plattformen, Kanäle und der verfolgten Kennzahlen. Außerdem...",0.7815765142440796,0.7683074474334717,0.9523000717163086,0.1839926242828369,0.18399262428283691
System Failure Affects Data Analysis Operations,Incident,Product Support,"Thank you for reaching out to us regarding the system failure that is affecting your data analysis operations. We apologize for the inconvenience caused and are happy to assist in resolving this matter. To better understand the issue, could you please provide any error messages you are receiving and the steps you have taken so far? If needed, we can schedule a call at <tel_num> to discuss this further. Please let us know a convenient time for you. Additionally, we will need <acc_num> to proceed with the matter. We look forward to resolving this for you.",Unanticipated System Failure During Data Analysis,"For assistance, please contact us at +123-456-7890",0.8928417563438416,0.4609947502613067,0.6685655117034912,Unanticipated System Failure During Data Analysis,"For assistance, please contact us at +123-456-7890",0.7487479448318481,0.4609947502613067,0.8502511978149414,0.1816856861114502,0.1816856861114502
Sicherheitsanomalie im Datensystem,Incident,Customer Service,"Für nähere Informationen zum Datenschutzproblem rufen Sie bitte <tel_num> an, um eine Diskussion über die notwendigen nächsten Schritte zu starten, die für die Steigerung der Datensicherheit hilfreich sein könnten.",Unerlaubte Zugriffsbemühungen auf medizinische Datenysteme wurden kürzlich festgestellt,"Sehr geehrte/r [Name], vielen Dank für die umgehende Mitteilung bezüglich der unerlaubten Zugriffsbemühungen auf medizinische Datenysteme. Wir nehmen die Situation ernst und bereiten uns auf, dabei zu helfen, die Sicherheit der Systeme zu gewährleisten. Wir möchten Ihnen weiterhin behilflich sein und Sie gerne mit Informationen über die kürzlich entdeckte Software-Vulnerabilität und die Schritte, die bisher unternommen wurden, unterstützen. Könnten Sie bitte mehr Details zu der Vulnerabilität und den Anpassungen, die vorgenommen wurden, geben? Wir können gerne telefonisch an der Nummer [Telefonnummer] vereinbaren, um die notwendige Unterstützung zu leisten.",0.8900907039642334,0.6764836311340332,0.7060750126838684,Datenschutz-Sicherheitsanomalie,"Um das Datenschutz-Sicherheitsanomalie weiter zu untersuchen, kontaktieren Sie uns unter <tel_num>. Dies wird die Vorbereitung für die nächste Einzelgesprächen und die notwendigen Maßnahmen zur Sicherstellung der Datensicherheit erleichtern.",0.7302075624465942,0.88669753074646,0.88669753074646,0.1806225180625915,0.18062251806259155
Hospital System Outage,Incident,IT Support,Investigate the hospital's system issues and contact <tel_num> to discuss and provide guidance for resolution.,Unexpected Service Outage,"Acknowledging the service outage reported, which has affected critical systems used for securing medical data in our hospital's infrastructure. We understand the severity and the potential impact on operations. Our team is taking immediate action to investigate the root cause of the disruption, which may be related to a network failure or hardware malfunction.\n\nSince initial troubleshooting has already been performed, we would appreciate information on the steps taken and any error messages encountered. This will assist our team.",0.841525137424469,0.5536267757415771,0.6626551747322083,Intermittent Network Disruptions at Hospital,Review firewall update logs to identify the cause of the intermittent network disruptions at the hospital. Kindly provide detailed firewall update logs for further analysis. Contact <tel_num> to discuss the next steps.,0.6378811597824097,0.507827877998352,0.8392629623413086,0.1766077876091003,0.17660778760910034
Anpassung der Raten erforderlich,Change,Billing and Payments,"Die betroffenen Kunden für Ratenanpassung erhalten eine E-Mail, um die Anpassung mit den neuen digitale Strategieinitiativen in Einklang zu bringen. Um die Anpassung voranzutreiben, benötigen wir zusätzliche Informationen zu den spezifischen Produkten und den Kontodetails der betroffenen Kunden. Könnten Sie bitte die Kontonummer und eine ausführliche Liste der betroffenen Produkte bereitstellen? Die Ratenanpassung kann schnell überprüft und verarbeitet werden, um jegliche Störungen unserer Dienste zu vermeiden. Falls eine direkte Kontaktaufnahme notwendig ist, um die Anpassung zu besprechen, stehen wir Ihnen gerne zur Verfügung. Wenn Sie ein persönliches Gespräch bevorzugen, wann wäre ein passender Zeitpunkt für Sie?",,"geehrter <name>, vielen Dank für Ihre Anfrage. Wir freuen uns, Ihnen bei der Optimierung Ihrer Markengeschäfte helfen zu können. Unsere Team wird eine angepasste Strategie zur Verbesserung Ihres Online-Gesichts anbieten. Bitte kontaktieren Sie uns unter <tel_num>, um weitere Details zu besprechen und Ihre Fragen zu klären. Wir bitten Sie, eine geeignete Zeit für den Anruf vorzubereiten.",0.7737091183662415,0.5849417448043823,0.6797380447387695,Necessary Adjustment for Billing,"We have received your email regarding the billing adjustment to align affected products with our new digital strategy initiatives. We proceed with the adjustment but need specific information and account details involved. Could you please provide the account number and a detailed list of the affected products? We will review the process and make the necessary adjustments as soon as possible to avoid any service disruptions. If further contact is necessary, I will be available for a call at your convenience.",0.6081085205078125,0.8391000628471375,0.849620521068573,0.1698824763298034,0.16988247632980347
Trouble with Data Analysis Software,Incident,General Inquiry,Please address the data analysis software issue by calling us at <tel_num> to discuss and find a solution. Kindly provide an appropriate time for the conversation.,Data Analysis System,"We have received your email regarding the issues with the Data Analysis System for investment optimization. We understand the urgency and potential consequences for investments. Please provide additional details about the inconsistencies and system performance, such as specific error messages and timestamps of occurrences. We will review this information and contact you at <tel_num>. We aim to discuss possible solutions and the next steps for a swift resolution of the issue related to account <acc_num>.",0.8929243087768555,0.6364815831184387,0.6364815831184387,Data Analysis System,"We have received your email regarding the issues with the Data Analysis System for investment optimization. We understand the urgency and potential consequences for investments. Please provide additional details about the inconsistencies and system performance, such as specific error messages and timestamps of occurrences. We will review this information and contact you at <tel_num>. We aim to discuss possible solutions and the next steps for a swift resolution of the issue related to account <acc_num>.",0.6920486688613892,0.6364815831184387,0.796157717704773,0.1596761345863342,0.15967613458633423
Anfrage zum Sicherheits-Support,Change,IT Support,"Allgemeine Richtlinien für die Konfiguration von System- und Gerätezugriffssteuerungen unter Debian 10 zum Schutz medizinischer Daten. Detaillierte Schritt-für-Schritt-Anleitungen, Empfehlungen zu Verschlüsselungsmethoden und die Möglichkeit, einen Anruf zu vereinbaren, um weitere Details zu besprechen sowie zusätzliche Ressourcen und bewährte Praktiken bereitzustellen.",Verbessern der Medizinischen Datensicherheitsprotokolle,"Betreuten <name>, bedanke mich bei Ihrer Besorgnis hinsichtlich der Verbesserung der Sicherheitsprotokolle und Datensicherheit der IT-Infrastruktur in medizinischen Einrichtungen. Ich verstehe die Bedeutung, um Datenverletzungen zu verhindern und die Konfidenz, Integrität und Verfügbarkeit sensibler medizinischer Informationen zu sichern. Wir werden uns mit diesem Problem befassen und die aktuellen Sicherheitsmaßnahmen überprüfen, um Bereiche mit Verbesserungspotential zu identifizieren. Es ist wichtig, dass wir diese Anfrage besprechen und einen frühestmöglichen Termin vereinbaren. Bitte geben Sie mir eine sichere Zeit an, um Sie telefonisch zu erreichen: <tel_num>. Wir können dann die notwendigen Schritte ergreifen, um die Sicherheitsprotokolle zu stärken, insbesondere für sensible Informationen.",0.7865957617759705,0.6099406480789185,0.6833505630493164,Anbieten von Verschlüsselung und Zugriffssteuerung für medizinische Daten in IT-Systemen von Krankenhäusern mit Debian 10 Buster,Debian 10 Buster bietet eine sichere Verschlüsselung und Zugriffssteuerung für medizinische Daten in IT-Systemen von Krankenhäusern.,0.605270504951477,0.8108696937561035,0.8379737734794617,0.1546232104301452,0.15462321043014526
Unterstützung für Marketingfirma erforderlich,Incident,Customer Service,"Bitte untersuchen Sie den Rückgang der Interaktionen bei den digitalen Kampagnen der Marketingagentur. Um das Problem besser zu verstehen, stellen Sie bitte weitere Details zu den spezifischen Algorithmusänderungen sowie die betroffenen Metriken bereit. Dies wird uns helfen, eine präzisere Lösung zu entwickeln und die nächsten Schritte zur Steigerung der Interaktionen festzulegen.",Unterstützung für Marketingagentur bei Kampagnen,"Die Aktualisierung der Zielgruppenstrategien kann dazu beitragen, die Markenbindung zu stärken. Bitte stellen Sie zusätzliche Informationen zu den aktuellen Kampagnen und den angestrebten Ergebnissen bereit, damit wir Ihre Bedürfnisse besser verstehen und passende Lösungen vorschlagen können.",0.8954267501831055,0.6501441597938538,0.7507851123809814,Unterstützung für Marketingagentur bei Kampagnen,"Die Aktualisierung der Zielgruppenstrategien kann dazu beitragen, die Markenbindung zu stärken. Bitte stellen Sie zusätzliche Informationen zu den aktuellen Kampagnen und den angestrebten Ergebnissen bereit, damit wir Ihre Bedürfnisse besser verstehen und passende Lösungen vorschlagen können.",0.7725944519042969,0.6501441597938538,0.9049519300460817,0.1541668176651001,0.1541668176651002
Ausruf Datenanalyse-Systems,Incident,Technical Support,"Empfangen E-Mail über Ausruf Datenanalyse-Systems bei einem finanziellen Unternehmen. Verstehe die Situation, insbesondere in Spitzenzeiten bei der Investitionsanalyse.möchte Ihnen besser helfen, bitte geben Sie mir Informationen über die Serverkapazitäten und Fehlermeldungen sowie die Ergebnisse der Neustartversuche. Es könnte vorteilhaft sein, einen Anruf zu vereinbaren, um eine passende Lösung zu besprechen und möglicherweise einen Fernunterstützungsauftrag zu organisieren, um das Problem schnell zu lösen. Bitte geben Sie mir ein passendes Zeitfenster an, wann Sie mich erreichen können.",Bericht über Systemstörung,"<name>, wir danken Ihnen für die Meldung des Systemfehlers im Data-Analytics-System. Wir schätzen Ihre Mitteilung, nachdem erste Maßnahmen wie Neustart der Systeme, Cache-Löschen und Software-Updates durchgeführt wurden. Sollte das Problem weiterhin bestehen, möchten wir die Angelegenheit genauer untersuchen. Könnten Sie bitte zusätzliche Details zu den aufgetretenen Fehlermeldungen, den genauen Zeitpunkten der Ausfälle und weiteren relevanten Informationen bereitstellen? Diese Daten helfen uns, das Problem besser zu verstehen und eine Lösung zu finden. Wir werden uns zeitnah mit Ihnen in Verbindung setzen, um die nächsten Schritte zu besprechen.",0.851472020149231,0.6976840496063232,0.6976840496063232,Bericht über Systemstörung,"<name>, wir danken Ihnen für die Meldung des Systemfehlers im Data-Analytics-System. Wir schätzen Ihre Mitteilung, nachdem erste Maßnahmen wie Neustart der Systeme, Cache-Löschen und Software-Updates durchgeführt wurden. Sollte das Problem weiterhin bestehen, möchten wir die Angelegenheit genauer untersuchen. Könnten Sie bitte zusätzliche Details zu den aufgetretenen Fehlermeldungen, den genauen Zeitpunkten der Ausfälle und weiteren relevanten Informationen bereitstellen? Diese Daten helfen uns, das Problem besser zu verstehen und eine Lösung zu finden. Wir werden uns zeitnah mit Ihnen in Verbindung setzen, um die nächsten Schritte zu besprechen.",0.7006908655166626,0.6976840496063232,0.8463879823684692,0.148703932762146,0.148703932762146
,Incident,Technical Support,"geehrte [Name], ich möchte Ihnen mitteilen, dass ich Ihren E-Mail-Bericht über den Datensperrverstoß in Gesundheitsversorgungssystemen erhalten habe. Ich verstehe die Tragweite dieses Vorfalls und die möglichen Konsequenzen. Um die Angelegenheit rasch zu lösen, möchte ich ein Telefonat einrichten, um die Details des Verstoßes und die bereits unternommenen Schritte zu diskutieren. Gibt es eine Vorlieferung, wann wir das Gespräch einleiten können, um die nächsten Schritte für die schnelle Behebung des Problems zu besprechen?",,Bitte kontaktieren Sie uns telefonisch unter <tel_num> und besprechen Sie Ihren Fall.,0.9046503901481628,0.5096753835678101,0.7252001762390137,,"Ich schreibe, um eine E-Mail bezüglich der Datenverletzungen bei unserem Gesundheitsdienstleister zu bestätigen. Ich verstehe die Dringlichkeit und Bedeutung dieses Problems und möchte bei der Lösung helfen. Falls gewünscht, können wir gerne einen Anruf vereinbaren, um die aktuellen Sicherheitsmaßnahmen zu besprechen und mögliche nächste Schritte zu planen. Wäre ein Termin am frühestmöglichen Zeitpunkt möglich? Bitte teilen Sie mir eine passende Zeit mit. Sie können mich unter <tel_num> kontaktieren, um weitere Details zu besprechen.",0.7045421600341797,0.8736331462860107,0.8736331462860107,0.148432970046997,0.14843297004699707
Connectivity Fluctuations,Incident,Technical Support,"Thank you for alerting us to the connectivity issues impacting several devices. Could you please provide the router model, details of your VPN configuration, and any recent changes made to the network? This information will assist us in quickly identifying and solving the problem.",Connectivity Problem with Network Equipment,"Thank you for reaching out. To assist you further, please share the switch model, details of your current network setup, and any error messages encountered. If possible, let us know a suitable time for a remote troubleshooting session.",0.8382525444030762,0.661746621131897,0.7129988670349121,VPN Connection Issue,"Thank you for bringing this issue to our attention. Please provide the model number of your VPN router, the current firmware version installed, and details of any recent network configuration changes. This information will help us diagnose the problem and recommend suitable troubleshooting actions or firmware updates.",0.7655920386314392,0.8549259901046753,0.85874342918396,0.1457445621490478,0.14574456214904785
Sicherheit von Bürosoftware,Request,Billing and Payments,"Sehr geehrte [name], wir nehmen die Datensicherheit sehr ernst und haben umfassende Maßnahmen implementiert, um medizinische Daten und IT-Dienstleistungen zu schützen. Unsere Sicherheitsprotokolle beinhalten Verschlüsselung, Zugriffssteuerung, regelmäßige Audits und die Gewährleistung der Einhaltung relevanten Vorschriften. Wir freuen uns, Ihnen telefonisch zusätzliche Informationen zu liefern. Könnten wir am späteren Tag einen Telefonat vereinbaren, wenn es Ihnen besser passt?",Sicherheitsmaßnahmen bei der Nutzung von Microsoft Office 365,"Sehr geehrte [Name], vielen Dank für Ihre Nachricht. Wir empfehlen Ihnen, den Einsatz von Microsoft Office 365 für die Sicherstellung des Schutzes medizinischer Daten zu berücksichtigen. Wir empfehlen die Umsetzung von Sicherheitspraktiken wie Datenverschlüsselung, Zugriffskontrolle und Mehrfaktor-Authentifizierung, um die Vertraulichkeit, Integrität und Verfügbarkeit sensibler medizinischer Informationen zu gewährleisten. Office 365-Funktionen wie Azure Information Protection und Office 365 Data Loss Prevention helfen, medizinische Daten vor unbefugtem Zugriff und Datenverlust zu schützen. Für detailliertere Anleitungen können wir uns gerne telefonisch verbinden. Bitte kontaktieren Sie uns.",0.8583246469497681,0.6541239023208618,0.8410178422927856,Sicherheitsmaßnahmen bei der Nutzung von Microsoft Office 365,"Sehr geehrte [Name], vielen Dank für Ihre Nachricht. Wir empfehlen Ihnen, den Einsatz von Microsoft Office 365 für die Sicherstellung des Schutzes medizinischer Daten zu berücksichtigen. Wir empfehlen die Umsetzung von Sicherheitspraktiken wie Datenverschlüsselung, Zugriffskontrolle und Mehrfaktor-Authentifizierung, um die Vertraulichkeit, Integrität und Verfügbarkeit sensibler medizinischer Informationen zu gewährleisten. Office 365-Funktionen wie Azure Information Protection und Office 365 Data Loss Prevention helfen, medizinische Daten vor unbefugtem Zugriff und Datenverlust zu schützen. Für detailliertere Anleitungen können wir uns gerne telefonisch verbinden. Bitte kontaktieren Sie uns.",0.642125129699707,0.6541239023208618,0.9822636246681212,0.1412457823753357,0.14124578237533558
Enhancement of Investment Strategies,Request,Sales and Pre-Sales,"Dear <name>,\n\nThank you for reaching out to the Service Desk regarding the optimization of investment strategies with our data analysis tools. We appreciate your interest in leveraging these tools to enhance your investment decisions. To get started, we recommend logging into your account <acc_num> and navigating to the Analytics Dashboard. There, you can access various data visualization tools and reports to support your investment choices. Please refer to our online user guide for detailed step-by-step instructions and sample scenarios, or contact us for a personal walkthrough. If you prefer a guided tour, we would be happy to arrange a call at a convenient time to guide you through the process.",Optimierung von Investitionsstrategien mit Hilfe verfügbarer Datenanalyse-Tools,bald zurückrufen,0.8415769338607788,0.009160291403532,0.7949775457382202,Enhancing Data Analysis for Investment Optimization,"<name>, thank you for contacting us about enhancing data analytics for investments. To provide detailed guidance, we need information about your current investment portfolio and objectives. Could you please share the details of your investments and what you aim to accomplish? We are happy to arrange a call at your convenience to discuss this further; please let us know a suitable time and contact number <tel_num>. Alternatively, you can share the information via email for personalized assistance.",0.7119455933570862,0.7949775457382202,0.935267984867096,0.1402904391288757,0.14029043912887573
"Autorisierter Zugriff versucht, sofort melden",Incident,Technical Support,"Die Angelegenheit wird aufgrund ihrer Dringlichkeit sofort behandelt. Danke für Ihre Meldung. Wir werden den autorisierten Zugriff und die Sicherheitsprüfung umfassend untersuchen. Bitte geben Sie uns mehr Details über die ausgedehnten Software-Verwaltungsfehler, die festgestellt wurden. Sie können sich telefonisch unter <tel_num> für weitere Informationen an uns wenden.",Meldung über unbefugten Zugriff,"Der Vorfall wurde erkannt und wir schätzen die sofortigen Maßnahmen, die bereits getroffen wurden. Sie können sich mit dem Unterstützungsspezialisten <tel_num> in Kontakt setzen, um weitere Unterstützung und die nächsten Schritte zu besprechen.",0.8950270414352417,0.5975067615509033,0.71030193567276,Beachtung notwendiger Sicherheitsmaßnahmen infolge unbefugten Zugriffsversuchs,"Wir werden die Angelegenheit mit der gleichen Dringlichkeit behandeln und den Vorfall gründlich untersuchen. Sicherheitsprüfung und Aktualisierungen werden wir auf die veralteten Softwareversionen zurückführen. Bitte geben Sie uns mehr Details zu den identifizierten Mängeln. Sie können sich mit dem Telefonnummer <tel_num> in Verbindung setzen, um weitere Diskussionen zu führen.",0.8070816397666931,0.8491917848587036,0.8491917848587036,0.1388898491859436,0.1388898491859436
Probleme bei der Verwendung von Marketingkampagnen,Incident,Technical Support,"Das Problem wird untersucht. Bitte geben Sie mehr Details zu den Softwareaktualisierungen und Anwendungskonflikten an, um eine Lösung bereitzustellen.",Produktprobleme bei der Marketing-Agentur,"Um bei den Produktproblemen zu helfen, stellen Sie bitte die genauen Fehlermeldungen sowie die derzeit verwendete Softwareversion bereit. Diese Informationen ermöglichen es mir, die Ursachen der Probleme zu erkennen und eine geeignete Lösung vorzuschlagen.",0.8595225811004639,0.7588915228843689,0.7588915228843689,Probleme bei der Startveranstaltung von Marketingkampagnen,"Sehr geehrte(r) <name>,\n\nwir entschuldigen uns für das Problem beim Start der Marketingkampagnen. Die Verspätung wurde durch Softwareprobleme verursacht. Könnten Sie uns bitte weitere Details zu dem Fehlerhinweis mitteilen? Sie können uns unter <tel_num> anrufen, um uns bei der Lösung des Problems und dem Neuplanen der Starts zu unterstützen.\n\nVielen Dank und freundliche Grüße, <signature>",0.7289143800735474,0.6024767160415649,0.8970841765403748,0.1381926536560058,0.13819265365600586
Anomaly in Data Handling,Problem,Human Resources,"Ich werde einen E-Mail-Bericht über die Datenverletzung an das Krankenhaus senden. Ich verstehe die gravierende Situation und die Auswirkungen auf den Patientenschutz und die Krankenhausaufgaben. Ich möchte eine Besprechung einplanen, um die Details des Vorfalls und die bisher durchgeführten Untersuchungen zu besprechen. Bitte geben Sie mir geeignete Zeit für die Besprechung, ich freue mich darauf, die Ursache festzustellen und Empfehlungen für verbesserte Sicherheitsmaßnahmen zu erhalten.","Verletzung der Datensperre, potenzielle Bedrohung der Patientenmedizinischen Daten","Bestätige die Datensperrverletzung und die Bedrohung der Patientenmedizinischen Daten. Verstehe die Dringlichkeit des Problems und die Notwendigkeit sofortiger Hilfe. Um Ihnen besser zu helfen, möchte ich telefonische Details zur Verletzung sowie den bisher ergriffenen Maßnahmen besprechen. Wenn ein Telefonat möglich ist, melden Sie bitte ein geeignetes Zeitfenster. Sie können mich unter <tel_num> anrufen, um die Diskussion fortzusetzen.",0.9122324585914612,0.7721813917160034,0.7721813917160034,Datensperre bei IT-Systemen,"Ich antworte auf Ihre E-Mail bezüglich des Datensperre-Falles im Krankenhaus. Ich verstehe die Schwere der Situation und die möglichen Auswirkungen auf den Patientenschutz und die Krankenhausoperationen. Ich möchte telefonieren, um Einzelheiten des Vorfalls und der bisher durchgeführten Untersuchung zu besprechen. Bitte teilen Sie mir ein geeignetes Zeitfenster für eine Telefonkonferenz mit. Ich freue mich darauf, zusammenzuarbeiten, um den Ursprung zu bestimmen und Empfehlungen für verbesserte Sicherheitsmaßnahmen zu geben.",0.7068761587142944,0.9101312160491944,0.9101312160491944,0.1379498243331909,0.13794982433319103
Healthcare Data Accessibility Problem,Problem,Product Support,"We are currently examining the healthcare data access problem. To assist you better, please share the specific error messages encountered and the steps already undertaken. It might be necessary to contact <tel_num> for further discussion. Please let us know a convenient time for a call.",Reported Issues with Data Accessibility,Please investigate the data access issues and provide the <acc_num> details. Analyze recent software updates to identify potential solutions.,0.9125948548316956,0.5942606925964355,0.6514636278152466,Reported Issues with Data Accessibility,Please investigate the data access issues and provide the <acc_num> details. Analyze recent software updates to identify potential solutions.,0.8130041360855103,0.5942606925964355,0.7844564914703369,0.1329928636550903,0.13299286365509033
Assistance with Data Consistency Issues,Problem,Technical Support,"Please investigate the data consistency issues, which are caused by outdated software integrations. To better assist you, please provide more details about the specific inconsistencies encountered in the used software integrations. I suggest reviewing the suggestions for updating the integrations to resolve the problem. We can schedule a call at a later time to further discuss this, once you have reviewed the suggestions.",Integrationsprobleme bei Daten in unterschiedlichen Tools,"Ich habe Ihre E-Mail bezüglich der Datenintegrationsprobleme in den Analyse-Tools infolge kürzlicher Software-Updates zur Kenntnis genommen. Für eine weiterführende Fehlersuche könnten Sie bitte genauere Informationen zu den betroffenen Tools und deren Updates bereitstellen? Ich schlage vor, ein Telefonat zu planen, um mögliche Lösungen und Fixes für die Kompatibilitätsprobleme zu besprechen. Wären Sie für einen passenden Zeitpunkt für ein Gespräch verfügbar?",0.7416136264801025,0.7289527654647827,0.7289527654647827,Support for Data Analysis Issues,Please provide more details about the data analysis and the software system used to further assist in resolving the problem.,0.5852872133255005,0.6333221197128296,0.8615487217903137,0.132595956325531,0.132595956325531
Disruption in Data Analytics Platform,Incident,Technical Support,"Dear <name>,<br><br>We acknowledge receipt of your email regarding the disruption in the Data Analytics system. We are currently investigating the matter, with particular attention to the recent software updates as a potential cause. To assist us better, could you please provide additional details such as error messages related to the software updates? We would also like to schedule a call at <tel_num> to discuss the issue further and work towards a solution. Please let us know your preferred time for a callback.",Significant Disruption Reported in Data Analytics Tools,"<name> acknowledges the significant disruption affecting data analytics tools, which is impacting the optimization of investments. We are sorry to hear that attempts to reboot the systems and check network connections were unsuccessful. To investigate the issue further, we need details on error messages and the exact steps taken so far. Could you also provide the time when the outage started and any recent changes made to the system or software? We would like to schedule a call at your earliest convenience to discuss the matter.",0.8848537802696228,0.7510743141174316,0.7510743141174316,Problem mit dem Data Analytics System,"Sehr geehrter <name>,<br><br>wir bestätigen den Erhalt Ihrer E-Mail bezüglich der Störung im Data Analytics System. Wir untersuchen die Angelegenheit, wobei wir den Fokus auf die kürzlichen Software-Updates legen, da diese möglicherweise die Ursache sind. Um Ihnen besser helfen zu können, bitten wir Sie, uns weitere Details zu etwaigen Fehlermeldungen während des Software-Updates mitzuteilen. Gerne würden wir einen Anruf unter <tel_num> vereinbaren, um das Problem zu besprechen und an einer Lösung zu arbeiten. Wann würde Ihnen ein Termin für einen Anruf am besten passen?",0.7009375095367432,0.8834660649299622,0.8834660649299622,0.1323917508125305,0.13239175081253052
Potential Data Loss Concern,Incident,Technical Support,"Confirm possible data loss, thank you for the software update and password changes. Will investigate this matter shortly.",Fehler in der Gesundheitsversorgungsstelle - Datenverlust,"Ich werde umgehende Maßnahmen zur Bekämpfung des gemeldeten Datenverlusts in der Gesundheitsversorgungsstelle ergreifen. Ein gründliches Review wird durchgeführt und das Sicherheitsteam wird um cooperation gebeten, um verhindernde Sicherheitsmaßnahmen einzuleiten und die personenbezogenen Daten der Patienten zu schützen. Zukünftige Datensicherheitsprobleme sollen vermieden werden. Bitte rufen Sie die Nummer <tel_num> an, um weitere Diskussionen zu initiieren.",0.8492124080657959,0.6033280491828918,0.6514123678207397,Fehler in der Gesundheitsversorgungsstelle - Datenverlust,"Ich werde umgehende Maßnahmen zur Bekämpfung des gemeldeten Datenverlusts in der Gesundheitsversorgungsstelle ergreifen. Ein gründliches Review wird durchgeführt und das Sicherheitsteam wird um cooperation gebeten, um verhindernde Sicherheitsmaßnahmen einzuleiten und die personenbezogenen Daten der Patienten zu schützen. Zukünftige Datensicherheitsprobleme sollen vermieden werden. Bitte rufen Sie die Nummer <tel_num> an, um weitere Diskussionen zu initiieren.",0.6927614212036133,0.6033280491828918,0.7809042930603027,0.129491925239563,0.129491925239563
Digital Marketing Strategy for Revenue Growth,Incident,Customer Service,"I understand your concerns regarding the digital marketing strategy not leading to the expected revenue growth. To better assist, please provide more information on the target audience and any previous content adjustments. I would like to delve deeper into this issue, so an call for a discussion on potential solutions to identify the root cause of the problem would be helpful.",Support for Marketing Agency's Digital Strategies,"We are here to assist with the issues related to the marketing agency's digital strategies. To better understand the situation, please provide more details on the target audience and the expected brand growth. We are flexible and would be happy to discuss this over a call at your convenience. Please let us know a suitable time. I am happy to call and discuss possible solutions and next steps to improve digital strategies and enhance brand growth. Company account number: <acc_num>",0.890480637550354,0.7927041053771973,0.7962873578071594,Digital Marketing Strategy Failed to Boost Brand Growth,"We understand your concerns regarding the digital marketing strategy not meeting the expected growth. To better assist you, could you please provide details on the target audience adjustments that have been made so far? I would be happy to discuss this with you and explore possible solutions to identify the root cause of the issue over a call if convenient.",0.7166883945465088,0.9254277348518372,0.9254277348518372,0.1291403770446777,0.12914037704467773
Software-Fehler nach System-Update,Incident,IT Support,"Wir sind bereit, Ihnen bei Softwarefehlern zu helfen. Bitte geben Sie mehr Details dazu, welche spezifischen digitale Werkzeuge betroffen sind, die mit dem System-Update verknüpft sind. Ich freue mich darauf, Ihnen dabei zu helfen, das Problem zu beheben. Falls nötig, können wir einen geeigneten Termin für einen Anruf vereinbaren, um das Problem so schnell wie möglich zu lösen.",,"Sehr geehrte [Name], wir entschuldigen uns für die Unannehmlichkeiten, die durch den Softwarecrash bei der Marketing-Agentur entstanden sind. Wir verstehen, dass Ihr Team bereits erstmals Schritte unternommen hat, Geräte neugestartet und Software-Updates gesucht hat, aber das Problem behält hartnäckig an. Unsere Unterstützung wird weiterhin benötigt, um mehr Informationen zu den Fehlern nach der Meldung des Crashes zu erhalten und die Reihenfolge der Ereignisse, die zu dem Crash geführt haben, zu verstehen. Bitte könnten Sie uns detaillierte Logs und die Fehlermeldung, die angezeigt wurde, zukommen lassen? Zudem wäre es hilfreich, wenn wir mehr über die Ereignisse vor dem Crash erfahren könnten.",0.8763665556907654,0.6808594465255737,0.6808594465255737,Probleme bei Zugriff auf Software nach neuestem Systemupdate,"Ich untersuche derzeit die Störungen bei dem Zugriff auf die Software bei der Marketing-Agentur, die nach dem recenten Systemupdate aufgetreten sind. Um eine genauere Untersuchung durchzuführen, könnten Sie bitte mehr Details und spezifische Fehlermeldungen zur betroffenen Software bereitstellen. Für eine Lösung ist ein Anruf erforderlich. Bitte rufen Sie uns unter dem folgenden Nummernverzeichnis an, um die Lösung zu besprechen. Das Nummernverzeichnis lautet: <tel_num>.",0.7021241188049316,0.7106013298034668,0.8090767860412598,0.128217339515686,0.12821733951568604
,Request,Human Resources,"Sehr geehrter <name>, vielen Dank, dass Sie sich an unseren Kundenservice gewandt haben. Unsere SaaS-Projektmanagementplattform bietet verschiedene Funktionen für die Mitarbeitereinarbeitung, darunter geführte Touren und interaktive Tutorials, um den Einstieg für neue Mitarbeiter zu erleichtern. Zudem stellen wir anpassbare Vorlagen und Workflows bereit, die auf die spezifischen Anforderungen Ihrer Organisation zugeschnitten werden können. Gerne würden wir Ihnen detailliertere Informationen bereitstellen. Wären Sie für ein Gespräch zu einem passenden Zeitpunkt verfügbar, um die Anforderungen im Detail zu besprechen?",Assistenz bei SaaS-Projektmanagement,"Gerne unterstütze ich Sie bei der Integration von SaaS-Tools in Ihre IT-Infrastruktur. Bitte stellen Sie weitere Details zu Ihrer aktuellen Konfiguration bereit, damit ich Ihnen spezifische Anleitungen und Empfehlungen für eine nahtlose Integration geben kann.",0.9210898876190186,0.6950196623802185,0.7700084447860718,,"Sehr geehrter <Name>, vielen Dank für Ihr Interesse an unserer skalierbaren SaaS-Projektmanagement-Plattform. Gerne stelle ich Ihnen die gewünschten Informationen zur Verfügung. Unsere Plattform bietet eine Reihe von Funktionen, darunter Projektplanung, Ressourcenmanagement und Tools für die Zusammenarbeit im Team. Sie ist hoch skalierbar und kann nahtlos in verschiedene bestehende Systeme integriert werden, einschließlich CRM- und ERP-Systemen. Ich sende Ihnen gerne detaillierte Spezifikationen zu den Integrationsmöglichkeiten und bespreche, wie die Plattform an Ihre spezifischen Bedürfnisse angepasst werden kann. Das Preismodell richtet sich nach der Anzahl der Nutzer sowie dem erforderlichen Support-Level. Für weitere Fragen stehe ich Ihnen jederzeit gern zur Verfügung.",0.7870122194290161,0.8976686000823975,0.8976686000823975,0.1276601552963256,0.12766015529632568
Hardware Troubles,Incident,Technical Support,"Thank you for providing detailed information regarding the issues with Keyboard 4, the 4K Monitor, and the UniFi Dream Machine. To assist you further, could you please confirm whether the devices are connected to a surge protector or power source? Additionally, are there any error messages or indicator lights on the UniFi Dream Machine indicating network disconnections? Please share these details so we can better diagnose the problem.",Immediate Attention Needed: Multiple Device Failures Disrupting Functionality,"Thank you for reaching out to us, <name>. To assist you efficiently, could you please specify the affected product models and versions, as well as provide details about when the issues began and any error messages encountered? If possible, also share your preferred contact number and a suitable time for us to call and support you.",0.8142403364181519,0.3745673298835754,0.4908567667007446,Immediate Attention Needed: Multiple Device Failures Disrupting Functionality,"Thank you for reaching out to us, <name>. To assist you efficiently, could you please specify the affected product models and versions, as well as provide details about when the issues began and any error messages encountered? If possible, also share your preferred contact number and a suitable time for us to call and support you.",0.6675316691398621,0.3745673298835754,0.6159234046936035,0.1250666379928589,0.12506663799285894
Probleme beim Zugriff auf medizinische Daten,Incident,Product Support,Wir bestätigen die Verzögerungen beim Zugriff auf medizinische Daten und haben die durchgeführten Fehlerbehebungsmaßnahmen zur Kenntnis genommen. Das Problem wurde an das Technikteam weitergeleitet. Für weitere Unterstützung kontaktieren Sie bitte <tel_num>. Wir werden die nächsten Schritte besprechen und einen Lösungsplan vereinbaren.,Probleme beim Zugriff auf das Gesundheitswesen melden,"Sehr geehrter <Name>, vielen Dank, dass Sie uns wegen des Zugangsproblems kontaktiert haben. Wir entschuldigen die entstandenen Unannehmlichkeiten und danken für die bereits durchgeführten Fehlerbehebungsmaßnahmen. Zur weiteren Unterstützung bei der Untersuchung könnten Sie bitte nähere Informationen zu den kürzlich implementierten IT-Sicherheitsupdates sowie etwaige Fehlermeldungen beim Zugriff auf die Daten bereitstellen? Wir würden gern einen Anruf vereinbaren, um die Details des Problems zu besprechen. Wären passende Zeiten für einen Anruf verfügbar? Bitte schlagen Sie uns geeignete Termine vor.",0.900885820388794,0.7274338603019714,0.8118680715560913,Gesundheitsdienstleister erlebte Verzögerungen beim Zugriff auf medizinische Dokumente,"Wir haben eine E-Mail bezüglich der Zugriffsverzögerungen bei medizinischen Unterlagen erhalten. Wir untersuchen die Angelegenheit und bitten um zusätzliche Details, insbesondere die erhaltenen Fehlermeldungen und den genauen Zeitpunkt der Verzögerungen. Sie können uns unter <tel_num> anrufen, um die nächsten Schritte zu besprechen und das Problem umgehend zu lösen.",0.7472211122512817,0.8912841081619263,0.9316481947898864,0.1197801232337951,0.11978012323379505
,Change,IT Support,"geehrter [Name], wir bedanken uns bei Ihnen für Ihre Besorgnis hinsichtlich der Sicherheitsmaßnahmen im Bereich der medizinischen Datenverwaltung. Wir verstehen die Bedeutung des Schutzes von sensible Patientendaten und die Einhaltung der rechtlichen Anforderungen. Unsere aktuellen Sicherheitsprotokolle umfassen Maßnahmen wie Verschlüsselung, Firewalls und Zugriffssteuerung, um Patientendaten zu schützen. Wir führen regelmäßig Sicherheitsaudits durch, um potenzielle Schwachstellen zu identifizieren und zu mindern. Wir arbeiten kontinuierlich daran, unsere Sicherheitsmaßnahmen zu überprüfen und zu aktualisieren, um sicherzustellen, dass sie dem Industriestandards und rechtlichen Anforderungen entsprechen. In den nächsten Monaten planen wir zusätzliche Sicherheitsverbesserungen.",Sicherung Medizinischer Daten,"Wir nehmen die Sicherheit medizinischer Daten ernst und befolgen die relevanten Vorschriften. Wir stellen detaillierte Informationen über unsere Sicherheitsmaßnahmen zur Verfügung. Bitte rufen Sie mich am nächsten angemessenen Zeitpunkt an, um darüber zu sprechen.",0.9275285601615906,0.8207136392593384,0.8294314742088318,Sicherung Medizinischer Daten,"Wir nehmen die Sicherheit medizinischer Daten ernst und befolgen die relevanten Vorschriften. Wir stellen detaillierte Informationen über unsere Sicherheitsmaßnahmen zur Verfügung. Bitte rufen Sie mich am nächsten angemessenen Zeitpunkt an, um darüber zu sprechen.",0.7918561697006226,0.8207136392593384,0.9460774660110474,0.1166459918022155,0.11664599180221558
Issue with Data Integration Analytics,Incident,Technical Support,"<name>, thank you for reaching out regarding the errors you're facing with data integration analytics following recent software updates. We apologize for the trouble. Please provide detailed information about the errors, including specific messages and the steps that cause the issue. This will assist us in diagnosing the problem accurately. It would also be helpful to know which updates were recently applied and any modifications to the system setup. If needed, we can schedule a call to address this further.",Concerns with Data Analytics Integration Tools,Please review the issues with the Data Analytics Integration Tools and contact us at <tel_num> to discuss potential troubleshooting steps and solutions to ensure compatibility and resolve the integration issues as soon as possible.,0.8617480993270874,0.7386400103569031,0.8569885492324829,Problem with Data Analytics Integration Tools,Please review the integration issues with Data Analytics Tools and contact the support number <tel_num> to discuss potential troubleshooting steps and solutions to ensure compatibility and resolve the integration issues as soon as possible.,0.7189640402793884,0.7536852955818176,0.9728959798812866,0.1159074306488037,0.11590743064880371
Alarm: Unbefugter Zugriff auf medizinische Akten nach Softwareupdate,Problem,Technical Support,"Alarm: Unbefugter Zugriff auf medizinische Akten nach dem letzten Softwareupdate. Identifizierung der Ursachen ist wichtig. Bitte mehr Details zum Softwareupdate und den betroffenen Ausweise bereitstellen, um die Ermittlung fortzuführen. Empfehlenswerte Patches und Trainingsmaßnahmen für Mitarbeiter empfehlen, um zukünftige Verletzungen zu verhindern und die Sicherheit unserer Systeme zu gewährleisten.",Datenleck,"Wir nehmen Datenverletzungen hier sehr ernst und möchten dabei helfen. Unterstützen Sie die Untersuchung und geben Sie Hinweise, wie die Sicherheitsmaßnahmen verstärkt werden können. Könnten Sie bitte weitere Details zur aktuellen Sicherheitslage und den Vorfall bereitstellen? Wir möchten einen Anruf planen, um das Thema so bald wie möglich zu besprechen.",0.8406274914741516,0.5657625198364258,0.5939708948135376,Support Anfrage wegen Sicherheitsvorfalls aufgrund einer Sicherheitsverletzung,"Bitte erstellen Sie einen Bericht zum Sicherheitsvorfall in der Gesundheitseinrichtung. Die Untersuchung und die Implementierung fortschrittlicher Sicherheitsmaßnahmen sind hilfreich. Ich benötige weitere Informationen zum aktuellen Zustand der IT-Systeme sowie eine Übersicht der bisher durchgeführten Updates. Könnten Sie bitte Details zu veralteter Software und den aktualisierten Sicherheitspatches bereitstellen? Ich würde gerne einen Termin für einen Anruf vereinbaren, um die nächsten Schritte zu besprechen.",0.5337831974029541,0.7075021862983704,0.7075021862983704,0.1135312914848327,0.11353129148483276
Guidance on Integrating Smartsheet Tools,Request,Service Outages and Maintenance,"'name', to assist with integrating Smartsheet tools, please provide details on the tools you are currently using and send any relevant documentation or resources to get started. I prefer to discuss further over a call. Please let me know a convenient time to reach you at <tel_num>.",Request for Integration with Smartsheet,"Dear [Name], thank you for reaching out to the Support Team to clarify the integration of Smartsheet, a SaaS project management platform. We would be happy to assist with the integration and would like to gather more information on the current setup requirements. Could you provide more details on the specific functions of the Smartsheet platform you wish to integrate? Please also share the necessary steps and requirements for the integration process. We would like to discuss this further and can arrange a call at your convenience. Please provide an appropriate time slot for the call at [Phone Number].",0.8793939352035522,0.6698174476623535,0.684218168258667,Einrichtung von Smartsheet Werkzeugen,"Liebe [Name], die Einrichtung von Smartsheet Werkzeugen kann mehr Informationen über die genutzten Werkzeuge benötigen. Relevanten Dokumentationen und Ressourcen werden Ihnen zur Verfügung gestellt, um den Prozess zu beginnen. Für einen Anruf zum Diskutieren des Themas interessieren Sie sich. Bitte teilen Sie mir ein geeignetes Zeitfenster für die Beantwortung Ihrer Anfrage mit. [Telefonnummer]",0.8344796895980835,0.7943472862243652,0.7943472862243652,0.1101291179656982,0.11012911796569824
Assistance with Billing Discrepancies,Problem,Billing and Payments,"Support requested for billing discrepancies across various products. To better understand the problem, could you please provide your account number along with a detailed description of the errors observed on the invoices? It would also be helpful to know which specific products are impacted. Once I have this information, our team can review and work towards resolving the issue as soon as possible. If needed, feel free to contact me later to discuss further; I am available for a call at your convenience.",Assistance Required for Billing Discrepancy,Please review the billing issue by contacting <tel_num> to discuss and provide a resolution as soon as possible.,0.9336479902267456,0.5908762216567993,0.6549170613288879,Assistance Required for Billing Discrepancy,Please review the billing issue by contacting <tel_num> to discuss and provide a resolution as soon as possible.,0.8634993433952332,0.5908762216567993,0.7636477947235107,0.1087307333946228,0.1087307333946228
Concern Regarding Hospital System Security,Incident,Technical Support,"To review the issue and provide the necessary assistance to ensure the hospital's system security, please provide details on the current vulnerabilities and schedule a call at <tel_num> for further discussion.",Data Security Incident in Hospital Systems,"Dear [Name], <br> We acknowledge your email regarding the data security breach in hospital systems and understand the urgency of the concern regarding patient data security. To better assist you, we would like to request more information about the breach, including the date it was detected and any error messages encountered. Could you also provide details on the software updates and firewall rules that have been implemented? Once we review this information, we can provide guidance on the next steps to secure the systems. If necessary, we may need further details. <br> Best regards,",0.933840274810791,0.7106130123138428,0.7383813858032227,Concerning Security Breach in Hospital IT System,"To assist in verifying and ensuring the security of the hospital's IT system, please provide additional details about the current vulnerabilities. We propose scheduling a telephone conference to discuss further measures: <tel_num>.",0.8156577348709106,0.8460292816162109,0.8460292816162109,0.1076478958129882,0.10764789581298828
Unauthorized Access to Systems,Incident,Billing and Payments,"<name>, I am writing to acknowledge receipt of your email regarding the unauthorized access to systems. We take this matter very seriously and are committed to helping you resolve the issue promptly. To better understand the situation, could you please provide details about the current security protocols in use and any steps already taken? Additionally, kindly share the <acc_num> contact <tel_num> so we can reach you directly. We would like to schedule a call at your earliest convenience to discuss this matter further.",Concerning Incidents of Unauthorized Access to Patient Medical Data,"Dear [Name], we take the confidentiality of patient medical data very seriously and appreciate you bringing this matter to our attention. I will assign this issue to a senior security specialist who will review the system and provide recommendations to strengthen security measures. To better assist you, could you please provide details on the current security protocols, including firewall rules and software updates? Additionally, could you confirm if you have noticed any suspicious activities or alerts related to unauthorized access?",0.8846355676651001,0.6129401922225952,0.6371124982833862,Concerning Incidents of Unauthorized Access to Patient Medical Data,"Dear [Name], we take the confidentiality of patient medical data very seriously and appreciate you bringing this matter to our attention. I will assign this issue to a senior security specialist who will review the system and provide recommendations to strengthen security measures. To better assist you, could you please provide details on the current security protocols, including firewall rules and software updates? Additionally, could you confirm if you have noticed any suspicious activities or alerts related to unauthorized access?",0.6826763153076172,0.6129401922225952,0.7438499927520752,0.1067374944686889,0.10673749446868896
Technische Sorge über WLAN-Router,Incident,Technical Support,"Um das WLAN-Router-Problem zu untersuchen, benötigen wir den Modellnamen des Routers und eventuelle Fehlermeldungen. Mit dieser Information können wir besser weiterhelfen.",Marketing Connectivity Issue,"Acknowledging the current issue with marketing connectivity, I am sorry to hear that the problem persists despite the attempts made to resolve it by rebooting devices and checking network settings. We would like to investigate this matter further. Could you please provide details on the recent software updates and hardware specifications used? It would be helpful to discuss this issue with you at your convenience.",0.801615297794342,0.4134891629219055,0.5502369999885559,Wi-Fi Connectivity Issue,"Vielen Dank für die Meldung des WLAN-Ausfalls, <name>. Derzeit sind bekannte Ausfälle im Rahmen der Wartungsarbeiten in Ihrer Region dokumentiert. Könnten Sie bitte bestätigen, ob sowohl die 2,4-GHz- als auch die 5-GHz-Netzwerke betroffen sind und ob auch kabelgebundene Verbindungen beeinträchtigt sind? Dies hilft uns, das Problem besser einzugrenzen. Außerdem bitten wir Sie, die Büroadresse sowie eine bevorzugte Kontakttelefonnummer anzugeben, damit wir Sie bei Bedarf direkt unterstützen können.",0.6978251934051514,0.6458395719528198,0.656342625617981,0.106105625629425,0.10610562562942505
